rail,pos_x,pos_y,localisation,rail_work_order,mvt,designation,reference,id,work_order,work_order_unit,point,path,position_type,speed,cnt,x_j1,y_j2,z_j3,w_j4,p_j5,r_j6,e1,wrist,forearm,arm,conf_j1,conf_j4,conf_j6,UF,UT
1,FORWARD,RIGHT,AV_D,6,station,rail,E53233044200,1,63,3,1,JOINT,JOINT,50,0,0,19,-39,0,106,45,2192,,,,,,,3,2
1,FORWARD,RIGHT,AV_D,6,approach,rail,E53233044200,1,63,3,2,JOINT,JOINT,50,50,52,42,-39,-34,96,83,2192,,,,,,,3,2
1,FORWARD,RIGHT,AV_D,6,approach,rail,E53233044200,1,63,3,3,LINEAR,JOINT,2000,20,83,81,-65,-35,112,86,2192,,,,,,,3,2
1,FORWARD,RIGHT,AV_D,6,approach,rail,E53233044200,1,63,3,4,JOINT,JOINT,50,50,84,78,-53,-50,73,81,2192,,,,,,,3,2
1,FORWARD,RIGHT,AV_D,6,approach,rail,E53233044200,1,63,3,5,JOINT,JOINT,50,50,70,56,-49,55,9,-36,2192,,,,,,,3,2
1,FORWARD,RIGHT,AV_D,6,approach,rail,E53233044200,1,63,3,6,JOINT,JOINT,50,25,73,78,-42,66,-54,-67,2192,,,,,,,3,2
1,FORWARD,RIGHT,AV_D,6,approach,rail,E53233044200,1,63,3,7,LINEAR,JOINT,100,0,73,70,-55,76,-49,-87,2192,,,,,,,3,2
1,FORWARD,RIGHT,AV_D,6,work,fastener,ASNA2392-3-04,588,1,1,8,LINEAR,CRT,100,0,-121,2612,4,-180,0,90,2192,N,U,T,0,0,0,3,2
1,FORWARD,RIGHT,AV_D,6,work,fastener,ASNA2392-3-04,589,2,2,9,LINEAR,CRT,100,0,-98,2612,4,-180,0,90,2192,N,U,T,0,0,0,3,2
1,FORWARD,RIGHT,AV_D,6,work,fastener,ASNA2392-3-04,590,3,3,10,LINEAR,CRT,100,0,-74,2612,4,-180,0,90,2192,N,U,T,0,0,0,3,2
1,FORWARD,RIGHT,AV_D,6,work,fastener,ASNA2392-3-04,591,4,4,11,LINEAR,CRT,100,0,-50,2612,4,-180,0,90,2192,N,U,T,0,0,0,3,2
1,FORWARD,RIGHT,AV_D,6,work,fastener,ASNA2392-3-05,592,5,5,12,LINEAR,CRT,100,0,-26,2612,5,-180,0,90,2192,N,U,T,0,0,0,3,2
1,FORWARD,RIGHT,AV_D,6,work,fastener,ASNA2392-3-05,593,6,6,13,LINEAR,CRT,100,0,-3,2612,5,-180,0,112,2192,N,U,T,0,0,0,3,2
1,FORWARD,RIGHT,AV_D,6,work,fastener,ASNA2392-3-07,596,7,7,14,LINEAR,CRT,100,0,36,2612,5,-180,0,128,2192,N,U,T,0,0,0,3,2
1,FORWARD,RIGHT,AV_D,6,work,fastener,ASNA2392-3-07,597,8,8,15,LINEAR,CRT,100,0,58,2612,5,-180,0,137,2192,N,U,T,0,0,0,3,2
1,FORWARD,RIGHT,AV_D,6,clearance,rail,E53233044200,1,63,3,7,LINEAR,JOINT,100,25,73,70,-55,76,-49,-87,2192,,,,,,,3,2
1,FORWARD,RIGHT,AV_D,6,clearance,rail,E53233044200,1,63,3,6,LINEAR,JOINT,100,50,73,78,-42,66,-54,-67,2192,,,,,,,3,2
1,FORWARD,RIGHT,AV_D,6,clearance,rail,E53233044200,1,63,3,5,JOINT,JOINT,50,50,70,56,-49,55,9,-36,2192,,,,,,,3,2
1,FORWARD,RIGHT,AV_D,6,clearance,rail,E53233044200,1,63,3,4,JOINT,JOINT,50,50,84,78,-53,-50,73,81,2192,,,,,,,3,2
1,FORWARD,RIGHT,AV_D,6,clearance,rail,E53233044200,1,63,3,3,JOINT,JOINT,50,50,83,81,-65,-35,112,86,2192,,,,,,,3,2
1,FORWARD,RIGHT,AV_D,6,clearance,rail,E53233044200,1,63,3,2,LINEAR,JOINT,2000,25,52,42,-39,-34,96,83,2192,,,,,,,3,2
1,FORWARD,RIGHT,AV_D,6,clearance,rail,E53233044200,1,63,3,1,JOINT,JOINT,50,0,0,19,-39,0,106,45,2192,,,,,,,3,2
1,FORWARD,LEFT,AV_G,6,station,rail,E53233044200,1,61,1,1,JOINT,JOINT,50,0,0,19,-39,0,106,45,1953,,,,,,,3,2
1,FORWARD,LEFT,AV_G,6,approach,rail,E53233044200,1,61,1,2,LINEAR,JOINT,2000,0,33,34,-27,-3,113,77,1953,,,,,,,3,2
1,FORWARD,LEFT,AV_G,6,approach,rail,E53233044200,1,61,1,3,JOINT,JOINT,50,100,45,46,-24,-26,85,85,1953,,,,,,,3,2
1,FORWARD,LEFT,AV_G,6,approach,rail,E53233044200,1,61,1,4,JOINT,JOINT,50,25,36,31,-45,73,66,51,1953,,,,,,,3,2
1,FORWARD,LEFT,AV_G,6,approach,rail,E53233044200,1,61,1,5,LINEAR,JOINT,2000,100,45,46,-79,54,77,85,1953,,,,,,,3,2
1,FORWARD,LEFT,AV_G,6,approach,rail,E53233044200,1,61,1,6,JOINT,JOINT,50,100,44,32,-59,141,27,4,1953,,,,,,,3,2
1,FORWARD,LEFT,AV_G,6,approach,rail,E53233044200,1,61,1,16,JOINT,JOINT,50,0,71,63,-64,85,-47,79,1953,,,,,,,3,2
1,FORWARD,LEFT,AV_G,6,approach,rail,E53233044200,1,61,1,7,LINEAR,JOINT,100,0,73,71,-53,74,-50,92,1953,,,,,,,3,2
1,FORWARD,LEFT,AV_G,6,work,fastener,ASNA2392-3-04,582,1,1,8,LINEAR,CRT,100,0,-120,2584,4,180,0,-90,1953,N,U,T,0,0,0,3,2
1,FORWARD,LEFT,AV_G,6,work,fastener,ASNA2392-3-04,583,2,2,9,LINEAR,CRT,100,0,-96,2584,4,-180,0,-90,1953,N,U,T,0,0,0,3,2
1,FORWARD,LEFT,AV_G,6,work,fastener,ASNA2392-3-04,584,3,3,10,LINEAR,CRT,100,0,-72,2584,4,-180,0,-90,1953,N,U,T,0,0,0,3,2
1,FORWARD,LEFT,AV_G,6,work,fastener,ASNA2392-3-04,585,4,4,11,LINEAR,CRT,100,0,-48,2584,4,-180,0,-90,1953,N,U,T,0,0,0,3,2
1,FORWARD,LEFT,AV_G,6,work,fastener,ASNA2392-3-05,586,5,5,12,LINEAR,CRT,100,0,-25,2584,5,-180,0,-90,1953,N,U,T,0,0,0,3,2
1,FORWARD,LEFT,AV_G,6,work,fastener,ASNA2392-3-05,587,6,6,13,LINEAR,CRT,100,0,0,2584,5,-180,0,-90,1953,N,U,T,0,0,0,3,2
1,FORWARD,LEFT,AV_G,6,work,fastener,ASNA2392-3-07,594,7,7,14,LINEAR,CRT,100,0,36,2584,5,-180,0,-110,1953,N,U,T,0,0,0,3,2
1,FORWARD,LEFT,AV_G,6,work,fastener,ASNA2392-3-07,595,8,8,15,LINEAR,CRT,100,0,58,2584,5,-180,0,-136,1953,N,U,T,0,0,0,3,2
1,FORWARD,LEFT,AV_G,6,clearance,rail,E53233044200,1,61,1,7,LINEAR,JOINT,100,0,73,71,-53,74,-50,92,1953,,,,,,,3,2
1,FORWARD,LEFT,AV_G,6,clearance,rail,E53233044200,1,61,1,16,LINEAR,JOINT,2000,0,71,63,-64,85,-47,79,1953,,,,,,,3,2
1,FORWARD,LEFT,AV_G,6,clearance,rail,E53233044200,1,61,1,6,JOINT,JOINT,50,50,44,32,-59,141,27,4,1953,,,,,,,3,2
1,FORWARD,LEFT,AV_G,6,clearance,rail,E53233044200,1,61,1,5,JOINT,JOINT,50,100,45,46,-79,54,77,85,1953,,,,,,,3,2
1,FORWARD,LEFT,AV_G,6,clearance,rail,E53233044200,1,61,1,4,LINEAR,JOINT,2000,100,36,31,-45,73,66,51,1953,,,,,,,3,2
1,FORWARD,LEFT,AV_G,6,clearance,rail,E53233044200,1,61,1,3,JOINT,JOINT,50,100,45,46,-24,-26,85,85,1953,,,,,,,3,2
1,FORWARD,LEFT,AV_G,6,clearance,rail,E53233044200,1,61,1,2,JOINT,JOINT,50,25,33,34,-27,-3,113,77,1953,,,,,,,3,2
1,FORWARD,LEFT,AV_G,6,clearance,rail,E53233044200,1,61,1,1,LINEAR,JOINT,2000,0,0,19,-39,0,106,45,1953,,,,,,,3,2
1,BACKWARD,RIGHT,AR_D,6,station,rail,E53233044200,1,64,4,1,JOINT,JOINT,50,0,0,19,-39,0,106,45,2365,,,,,,,3,2
1,BACKWARD,RIGHT,AR_D,6,approach,rail,E53233044200,1,64,4,2,JOINT,JOINT,50,100,32,25,-44,-20,98,67,2365,,,,,,,3,2
1,BACKWARD,RIGHT,AR_D,6,approach,rail,E53233044200,1,64,4,3,JOINT,JOINT,50,20,37,37,-22,69,53,26,2365,,,,,,,3,2
1,BACKWARD,RIGHT,AR_D,6,approach,rail,E53233044200,1,64,4,4,JOINT,JOINT,50,100,55,44,-18,95,-49,-46,2365,,,,,,,3,2
1,BACKWARD,RIGHT,AR_D,6,approach,rail,E53233044200,1,64,4,5,JOINT,JOINT,50,100,47,55,-6,53,-58,-49,2365,,,,,,,3,2
1,BACKWARD,RIGHT,AR_D,6,approach,rail,E53233044200,1,64,4,6,JOINT,JOINT,50,100,47,52,-11,48,-49,-39,2365,,,,,,,3,2
1,BACKWARD,RIGHT,AR_D,6,approach,rail,E53233044200,1,64,4,7,LINEAR,JOINT,2000,0,44,44,-16,51,-43,-25,2365,,,,,,,3,2
1,BACKWARD,RIGHT,AR_D,6,work,fastener,ASNA2392-3-04,606,1,1,8,LINEAR,CRT,100,0,231,2612,4,-180,0,90,2365,N,U,T,0,0,0,3,2
1,BACKWARD,RIGHT,AR_D,6,work,fastener,ASNA2392-3-04,605,2,2,9,LINEAR,CRT,100,0,205,2612,4,180,0,77,2365,N,U,T,0,0,0,3,2
1,BACKWARD,RIGHT,AR_D,6,work,fastener,ASNA2392-3-04,604,3,3,10,LINEAR,CRT,100,0,181,2612,4,180,0,77,2365,N,U,T,0,0,0,3,2
1,BACKWARD,RIGHT,AR_D,6,work,fastener,ASNA2392-3-04,603,4,4,11,LINEAR,CRT,100,0,158,2612,4,180,0,77,2365,N,U,T,0,0,0,3,2
1,BACKWARD,RIGHT,AR_D,6,work,fastener,ASNA2392-3-04,602,5,5,12,LINEAR,CRT,100,0,134,2612,4,-180,-1,56,2365,N,U,T,0,0,0,3,2
1,BACKWARD,RIGHT,AR_D,6,clearance,rail,E53233044200,1,64,4,7,LINEAR,JOINT,100,0,44,44,-16,51,-43,-25,2365,,,,,,,3,2
1,BACKWARD,RIGHT,AR_D,6,clearance,rail,E53233044200,1,64,4,6,LINEAR,JOINT,100,30,47,52,-11,48,-49,-39,2365,,,,,,,3,2
1,BACKWARD,RIGHT,AR_D,6,clearance,rail,E53233044200,1,64,4,5,JOINT,JOINT,50,50,47,55,-6,53,-58,-49,2365,,,,,,,3,2
1,BACKWARD,RIGHT,AR_D,6,clearance,rail,E53233044200,1,64,4,4,JOINT,JOINT,50,50,55,44,-18,95,-49,-46,2365,,,,,,,3,2
1,BACKWARD,RIGHT,AR_D,6,clearance,rail,E53233044200,1,64,4,3,JOINT,JOINT,50,20,37,37,-22,69,53,26,2365,,,,,,,3,2
1,BACKWARD,RIGHT,AR_D,6,clearance,rail,E53233044200,1,64,4,2,JOINT,JOINT,50,20,32,25,-44,-20,98,67,2365,,,,,,,3,2
1,BACKWARD,RIGHT,AR_D,6,clearance,rail,E53233044200,1,64,4,1,JOINT,JOINT,50,0,0,19,-39,0,106,45,2365,,,,,,,3,2
1,BACKWARD,LEFT,AR_G,6,station,rail,E53233044200,1,62,2,1,JOINT,JOINT,50,0,0,19,-39,0,106,45,2090,,,,,,,3,2
1,BACKWARD,LEFT,AR_G,6,approach,rail,E53233044200,1,62,2,2,JOINT,JOINT,50,25,33,25,-32,-21,87,73,2090,,,,,,,3,2
1,BACKWARD,LEFT,AR_G,6,approach,rail,E53233044200,1,62,2,3,JOINT,JOINT,50,50,33,25,-32,-21,26,136,2090,,,,,,,3,2
1,BACKWARD,LEFT,AR_G,6,approach,rail,E53233044200,1,62,2,4,JOINT,JOINT,50,50,33,25,-32,65,-27,136,2090,,,,,,,3,2
1,BACKWARD,LEFT,AR_G,6,approach,rail,E53233044200,1,62,2,5,JOINT,JOINT,50,50,42,33,-27,59,-36,138,2090,,,,,,,3,2
1,BACKWARD,LEFT,AR_G,6,approach,rail,E53233044200,1,62,2,6,JOINT,JOINT,50,50,44,38,-24,56,-39,140,2090,,,,,,,3,2
1,BACKWARD,LEFT,AR_G,6,approach,rail,E53233044200,1,62,2,7,LINEAR,JOINT,100,20,46,43,-21,54,-42,142,2090,,,,,,,3,2
1,BACKWARD,LEFT,AR_G,6,work,fastener,ASNA2392-3-04,611,1,1,8,LINEAR,CRT,100,0,230,2584,4,180,0,-90,2090,N,U,T,0,0,0,3,2
1,BACKWARD,LEFT,AR_G,6,work,fastener,ASNA2392-3-04,610,2,2,9,LINEAR,CRT,100,0,206,2584,4,-180,0,-90,2090,N,U,T,0,0,0,3,2
1,BACKWARD,LEFT,AR_G,6,work,fastener,ASNA2392-3-04,609,3,3,10,LINEAR,CRT,100,0,182,2584,4,180,0,-71,2090,N,U,T,0,0,0,3,2
1,BACKWARD,LEFT,AR_G,6,work,fastener,ASNA2392-3-04,608,4,4,11,LINEAR,CRT,100,0,158,2584,4,-180,0,-67,2090,N,U,T,0,0,0,3,2
1,BACKWARD,LEFT,AR_G,6,work,fastener,ASNA2392-3-04,607,5,5,12,LINEAR,CRT,100,0,134,2584,4,-180,0,-47,2090,N,U,T,0,0,0,3,2
1,BACKWARD,LEFT,AR_G,6,clearance,rail,E53233044200,1,62,2,7,LINEAR,JOINT,100,20,46,43,-21,54,-42,142,2090,,,,,,,3,2
1,BACKWARD,LEFT,AR_G,6,clearance,rail,E53233044200,1,62,2,6,JOINT,JOINT,50,50,44,38,-24,56,-39,140,2090,,,,,,,3,2
1,BACKWARD,LEFT,AR_G,6,clearance,rail,E53233044200,1,62,2,5,JOINT,JOINT,50,50,42,33,-27,59,-36,138,2090,,,,,,,3,2
1,BACKWARD,LEFT,AR_G,6,clearance,rail,E53233044200,1,62,2,4,JOINT,JOINT,50,50,33,25,-32,65,-27,136,2090,,,,,,,3,2
1,BACKWARD,LEFT,AR_G,6,clearance,rail,E53233044200,1,62,2,3,JOINT,JOINT,50,50,33,25,-32,-21,26,136,2090,,,,,,,3,2
1,BACKWARD,LEFT,AR_G,6,clearance,rail,E53233044200,1,62,2,2,JOINT,JOINT,50,25,33,25,-32,-21,87,73,2090,,,,,,,3,2
1,BACKWARD,LEFT,AR_G,6,clearance,rail,E53233044200,1,62,2,1,JOINT,JOINT,50,0,0,19,-39,0,106,45,2090,,,,,,,3,2
2,FORWARD,RIGHT,AV_D,5,station,rail,E53233046200,2,53,3,1,JOINT,JOINT,50,0,0,19,-39,0,106,45,1665,,,,,,,3,2
2,FORWARD,RIGHT,AV_D,5,approach,rail,E53233046200,2,53,3,2,JOINT,JOINT,50,50,52,42,-39,-34,96,83,1665,,,,,,,3,2
2,FORWARD,RIGHT,AV_D,5,approach,rail,E53233046200,2,53,3,3,LINEAR,JOINT,2000,20,83,81,-65,-35,112,86,1665,,,,,,,3,2
2,FORWARD,RIGHT,AV_D,5,approach,rail,E53233046200,2,53,3,4,JOINT,JOINT,50,100,84,78,-53,-50,73,81,1665,,,,,,,3,2
2,FORWARD,RIGHT,AV_D,5,approach,rail,E53233046200,2,53,3,5,JOINT,JOINT,50,100,70,56,-49,55,9,-36,1665,,,,,,,3,2
2,FORWARD,RIGHT,AV_D,5,approach,rail,E53233046200,2,53,3,6,JOINT,JOINT,50,25,73,78,-42,66,-54,-67,1665,,,,,,,3,2
2,FORWARD,RIGHT,AV_D,5,approach,rail,E53233046200,2,53,3,7,LINEAR,JOINT,100,0,73,70,-55,76,-49,-87,1665,,,,,,,3,2
2,FORWARD,RIGHT,AV_D,5,work,fastener,ASNA2392-3-04,635,1,1,8,LINEAR,CRT,100,0,-121,2085,4,-180,0,90,1665,N,U,T,0,0,0,3,2
2,FORWARD,RIGHT,AV_D,5,work,fastener,ASNA2392-3-04,636,2,2,9,LINEAR,CRT,100,0,-98,2085,4,-180,0,90,1665,N,U,T,0,0,0,3,2
2,FORWARD,RIGHT,AV_D,5,work,fastener,ASNA2392-3-04,637,3,3,10,LINEAR,CRT,100,0,-74,2085,4,-180,0,90,1665,N,U,T,0,0,0,3,2
2,FORWARD,RIGHT,AV_D,5,work,fastener,ASNA2392-3-04,638,4,4,11,LINEAR,CRT,100,0,-50,2085,4,-180,0,90,1665,N,U,T,0,0,0,3,2
2,FORWARD,RIGHT,AV_D,5,work,fastener,ASNA2392-3-05,633,5,5,12,LINEAR,CRT,100,0,-26,2085,5,-180,0,90,1665,N,U,T,0,0,0,3,2
2,FORWARD,RIGHT,AV_D,5,work,fastener,ASNA2392-3-05,634,6,6,13,LINEAR,CRT,100,0,-3,2085,5,-180,0,112,1665,N,U,T,0,0,0,3,2
2,FORWARD,RIGHT,AV_D,5,clearance,rail,E53233046200,2,53,3,7,LINEAR,JOINT,100,0,73,70,-55,76,-49,-87,1665,,,,,,,3,2
2,FORWARD,RIGHT,AV_D,5,clearance,rail,E53233046200,2,53,3,6,LINEAR,JOINT,2000,25,73,78,-42,66,-54,-67,1665,,,,,,,3,2
2,FORWARD,RIGHT,AV_D,5,clearance,rail,E53233046200,2,53,3,5,JOINT,JOINT,50,100,70,56,-49,55,9,-36,1665,,,,,,,3,2
2,FORWARD,RIGHT,AV_D,5,clearance,rail,E53233046200,2,53,3,4,JOINT,JOINT,50,100,84,78,-53,-50,73,81,1665,,,,,,,3,2
2,FORWARD,RIGHT,AV_D,5,clearance,rail,E53233046200,2,53,3,3,JOINT,JOINT,50,50,83,81,-65,-35,112,86,1665,,,,,,,3,2
2,FORWARD,RIGHT,AV_D,5,clearance,rail,E53233046200,2,53,3,2,LINEAR,JOINT,2000,100,52,42,-39,-34,96,83,1665,,,,,,,3,2
2,FORWARD,RIGHT,AV_D,5,clearance,rail,E53233046200,2,53,3,1,JOINT,JOINT,50,0,0,19,-39,0,106,45,1665,,,,,,,3,2
2,FORWARD,LEFT,AV_G,5,station,rail,E53233046200,2,51,1,1,JOINT,JOINT,50,0,0,19,-39,0,106,45,1426,,,,,,,3,2
2,FORWARD,LEFT,AV_G,5,approach,rail,E53233046200,2,51,1,2,LINEAR,JOINT,2000,5,33,34,-27,-3,113,77,1426,,,,,,,3,2
2,FORWARD,LEFT,AV_G,5,approach,rail,E53233046200,2,51,1,3,JOINT,JOINT,50,100,45,46,-24,-26,85,85,1426,,,,,,,3,2
2,FORWARD,LEFT,AV_G,5,approach,rail,E53233046200,2,51,1,4,JOINT,JOINT,50,25,36,31,-45,73,66,51,1426,,,,,,,3,2
2,FORWARD,LEFT,AV_G,5,approach,rail,E53233046200,2,51,1,5,LINEAR,JOINT,2000,100,45,46,-79,54,77,85,1426,,,,,,,3,2
2,FORWARD,LEFT,AV_G,5,approach,rail,E53233046200,2,51,1,6,JOINT,JOINT,50,100,44,32,-59,141,27,4,1426,,,,,,,3,2
2,FORWARD,LEFT,AV_G,5,approach,rail,E53233046200,2,51,1,16,JOINT,JOINT,50,10,71,63,-64,85,-47,79,1426,,,,,,,3,2
2,FORWARD,LEFT,AV_G,5,approach,rail,E53233046200,2,51,1,7,LINEAR,JOINT,100,0,73,71,-53,74,-50,92,1426,,,,,,,3,2
2,FORWARD,LEFT,AV_G,5,work,fastener,ASNA2392-3-04,642,1,1,8,LINEAR,CRT,100,0,-120,2057,4,180,0,-90,1426,N,U,T,0,0,0,3,2
2,FORWARD,LEFT,AV_G,5,work,fastener,ASNA2392-3-04,641,2,2,9,LINEAR,CRT,100,0,-96,2057,4,-180,0,-90,1426,N,U,T,0,0,0,3,2
2,FORWARD,LEFT,AV_G,5,work,fastener,ASNA2392-3-04,640,3,3,10,LINEAR,CRT,100,0,-72,2057,4,-180,0,-90,1426,N,U,T,0,0,0,3,2
2,FORWARD,LEFT,AV_G,5,work,fastener,ASNA2392-3-04,639,4,4,11,LINEAR,CRT,100,0,-48,2057,4,-180,0,-90,1426,N,U,T,0,0,0,3,2
2,FORWARD,LEFT,AV_G,5,work,fastener,ASNA2392-3-05,632,5,5,12,LINEAR,CRT,100,0,-25,2057,5,-180,0,-90,1426,N,U,T,0,0,0,3,2
2,FORWARD,LEFT,AV_G,5,work,fastener,ASNA2392-3-05,631,6,6,13,LINEAR,CRT,100,0,0,2057,5,-180,0,-90,1426,N,U,T,0,0,0,3,2
2,FORWARD,LEFT,AV_G,5,clearance,rail,E53233046200,2,51,1,7,LINEAR,JOINT,100,0,73,71,-53,74,-50,92,1426,,,,,,,3,2
2,FORWARD,LEFT,AV_G,5,clearance,rail,E53233046200,2,51,1,16,LINEAR,JOINT,2000,10,71,63,-64,85,-47,79,1426,,,,,,,3,2
2,FORWARD,LEFT,AV_G,5,clearance,rail,E53233046200,2,51,1,6,JOINT,JOINT,50,50,44,32,-59,141,27,4,1426,,,,,,,3,2
2,FORWARD,LEFT,AV_G,5,clearance,rail,E53233046200,2,51,1,5,JOINT,JOINT,50,50,45,46,-79,54,77,85,1426,,,,,,,3,2
2,FORWARD,LEFT,AV_G,5,clearance,rail,E53233046200,2,51,1,4,LINEAR,JOINT,2000,50,36,31,-45,73,66,51,1426,,,,,,,3,2
2,FORWARD,LEFT,AV_G,5,clearance,rail,E53233046200,2,51,1,3,JOINT,JOINT,50,50,45,46,-24,-26,85,85,1426,,,,,,,3,2
2,FORWARD,LEFT,AV_G,5,clearance,rail,E53233046200,2,51,1,2,JOINT,JOINT,50,25,33,34,-27,-3,113,77,1426,,,,,,,3,2
2,FORWARD,LEFT,AV_G,5,clearance,rail,E53233046200,2,51,1,1,LINEAR,JOINT,2000,0,0,19,-39,0,106,45,1426,,,,,,,3,2
2,BACKWARD,RIGHT,AR_D,5,station,rail,E53233046200,2,54,4,1,JOINT,JOINT,50,0,0,19,-39,0,106,45,1838,,,,,,,3,2
2,BACKWARD,RIGHT,AR_D,5,approach,rail,E53233046200,2,54,4,2,JOINT,JOINT,50,100,32,25,-44,-20,98,67,1838,,,,,,,3,2
2,BACKWARD,RIGHT,AR_D,5,approach,rail,E53233046200,2,54,4,3,JOINT,JOINT,50,20,37,37,-22,69,53,26,1838,,,,,,,3,2
2,BACKWARD,RIGHT,AR_D,5,approach,rail,E53233046200,2,54,4,4,JOINT,JOINT,50,100,55,44,-18,95,-49,-46,1838,,,,,,,3,2
2,BACKWARD,RIGHT,AR_D,5,approach,rail,E53233046200,2,54,4,5,JOINT,JOINT,50,100,47,55,-6,53,-58,-49,1838,,,,,,,3,2
2,BACKWARD,RIGHT,AR_D,5,approach,rail,E53233046200,2,54,4,6,JOINT,JOINT,50,50,47,52,-11,48,-49,-39,1838,,,,,,,3,2
2,BACKWARD,RIGHT,AR_D,5,approach,rail,E53233046200,2,54,4,7,LINEAR,JOINT,2000,0,44,44,-16,51,-43,-25,1838,,,,,,,3,2
2,BACKWARD,RIGHT,AR_D,5,work,fastener,ASNA2392-3-04,618,1,1,8,LINEAR,CRT,80,0,231,2085,4,-180,0,90,1838,N,U,T,0,0,0,3,2
2,BACKWARD,RIGHT,AR_D,5,work,fastener,ASNA2392-3-04,619,2,2,9,LINEAR,CRT,100,0,205,2085,4,180,0,77,1838,N,U,T,0,0,0,3,2
2,BACKWARD,RIGHT,AR_D,5,work,fastener,ASNA2392-3-04,620,3,3,10,LINEAR,CRT,100,0,181,2085,4,180,0,77,1838,N,U,T,0,0,0,3,2
2,BACKWARD,RIGHT,AR_D,5,work,fastener,ASNA2392-3-04,621,4,4,11,LINEAR,CRT,100,0,158,2085,4,180,0,77,1838,N,U,T,0,0,0,3,2
2,BACKWARD,RIGHT,AR_D,5,work,fastener,ASNA2392-3-04,622,5,5,12,LINEAR,CRT,100,0,134,2085,4,-180,-1,56,1838,N,U,T,0,0,0,3,2
2,BACKWARD,RIGHT,AR_D,5,clearance,rail,E53233046200,2,54,4,7,LINEAR,JOINT,100,0,44,44,-16,51,-43,-25,1838,,,,,,,3,2
2,BACKWARD,RIGHT,AR_D,5,clearance,rail,E53233046200,2,54,4,6,LINEAR,JOINT,100,50,47,52,-11,48,-49,-39,1838,,,,,,,3,2
2,BACKWARD,RIGHT,AR_D,5,clearance,rail,E53233046200,2,54,4,5,JOINT,JOINT,50,50,47,55,-6,53,-58,-49,1838,,,,,,,3,2
2,BACKWARD,RIGHT,AR_D,5,clearance,rail,E53233046200,2,54,4,4,JOINT,JOINT,50,50,55,44,-18,95,-49,-46,1838,,,,,,,3,2
2,BACKWARD,RIGHT,AR_D,5,clearance,rail,E53233046200,2,54,4,3,JOINT,JOINT,50,20,37,37,-22,69,53,26,1838,,,,,,,3,2
2,BACKWARD,RIGHT,AR_D,5,clearance,rail,E53233046200,2,54,4,2,JOINT,JOINT,50,20,32,25,-44,-20,98,67,1838,,,,,,,3,2
2,BACKWARD,RIGHT,AR_D,5,clearance,rail,E53233046200,2,54,4,1,JOINT,JOINT,50,0,0,19,-39,0,106,45,1838,,,,,,,3,2
2,BACKWARD,LEFT,AR_G,5,station,rail,E53233046200,2,52,2,1,JOINT,JOINT,50,0,0,19,-39,0,106,45,1563,,,,,,,3,2
2,BACKWARD,LEFT,AR_G,5,approach,rail,E53233046200,2,52,2,2,JOINT,JOINT,50,25,33,25,-32,-21,87,73,1563,,,,,,,3,2
2,BACKWARD,LEFT,AR_G,5,approach,rail,E53233046200,2,52,2,3,JOINT,JOINT,50,50,33,25,-32,-21,26,136,1563,,,,,,,3,2
2,BACKWARD,LEFT,AR_G,5,approach,rail,E53233046200,2,52,2,4,JOINT,JOINT,50,50,33,25,-32,65,-27,136,1563,,,,,,,3,2
2,BACKWARD,LEFT,AR_G,5,approach,rail,E53233046200,2,52,2,5,JOINT,JOINT,50,50,42,33,-27,59,-36,138,1563,,,,,,,3,2
2,BACKWARD,LEFT,AR_G,5,approach,rail,E53233046200,2,52,2,6,JOINT,JOINT,50,50,44,38,-24,56,-39,140,1563,,,,,,,3,2
2,BACKWARD,LEFT,AR_G,5,approach,rail,E53233046200,2,52,2,7,LINEAR,JOINT,100,20,46,43,-21,54,-42,142,1563,,,,,,,3,2
2,BACKWARD,LEFT,AR_G,5,work,fastener,ASNA2392-3-04,613,1,1,8,LINEAR,CRT,100,0,230,2057,4,180,0,-90,1563,N,U,T,0,0,0,3,2
2,BACKWARD,LEFT,AR_G,5,work,fastener,ASNA2392-3-04,614,2,2,9,LINEAR,CRT,100,0,206,2057,4,-180,0,-90,1563,N,U,T,0,0,0,3,2
2,BACKWARD,LEFT,AR_G,5,work,fastener,ASNA2392-3-04,615,3,3,10,LINEAR,CRT,100,0,182,2057,4,180,0,-71,1563,N,U,T,0,0,0,3,2
2,BACKWARD,LEFT,AR_G,5,work,fastener,ASNA2392-3-04,616,4,4,11,LINEAR,CRT,100,0,158,2057,4,-180,0,-67,1563,N,U,T,0,0,0,3,2
2,BACKWARD,LEFT,AR_G,5,work,fastener,ASNA2392-3-04,617,5,5,12,LINEAR,CRT,100,0,134,2057,4,-180,0,-47,1563,N,U,T,0,0,0,3,2
2,BACKWARD,LEFT,AR_G,5,clearance,rail,E53233046200,2,52,2,7,LINEAR,JOINT,100,20,46,43,-21,54,-42,142,1563,,,,,,,3,2
2,BACKWARD,LEFT,AR_G,5,clearance,rail,E53233046200,2,52,2,6,JOINT,JOINT,50,50,44,38,-24,56,-39,140,1563,,,,,,,3,2
2,BACKWARD,LEFT,AR_G,5,clearance,rail,E53233046200,2,52,2,5,JOINT,JOINT,50,50,42,33,-27,59,-36,138,1563,,,,,,,3,2
2,BACKWARD,LEFT,AR_G,5,clearance,rail,E53233046200,2,52,2,4,JOINT,JOINT,50,50,33,25,-32,65,-27,136,1563,,,,,,,3,2
2,BACKWARD,LEFT,AR_G,5,clearance,rail,E53233046200,2,52,2,3,JOINT,JOINT,50,50,33,25,-32,-21,26,136,1563,,,,,,,3,2
2,BACKWARD,LEFT,AR_G,5,clearance,rail,E53233046200,2,52,2,2,JOINT,JOINT,50,25,33,25,-32,-21,87,73,1563,,,,,,,3,2
2,BACKWARD,LEFT,AR_G,5,clearance,rail,E53233046200,2,52,2,1,JOINT,JOINT,50,0,0,19,-39,0,106,45,1563,,,,,,,3,2
3,FORWARD,RIGHT,AV_D,4,station,rail,E53233024200,3,43,3,1,JOINT,JOINT,50,0,0,19,-39,0,106,45,1155,,,,,,,3,2
3,FORWARD,RIGHT,AV_D,4,approach,rail,E53233024200,3,43,3,2,JOINT,JOINT,50,50,52,42,-39,-34,96,83,1155,,,,,,,3,2
3,FORWARD,RIGHT,AV_D,4,approach,rail,E53233024200,3,43,3,3,LINEAR,JOINT,2000,20,79,92,-38,-48,116,94,1155,,,,,,,3,2
3,FORWARD,RIGHT,AV_D,4,approach,rail,E53233024200,3,43,3,4,JOINT,JOINT,50,100,84,79,-53,-51,74,82,1155,,,,,,,3,2
3,FORWARD,RIGHT,AV_D,4,approach,rail,E53233024200,3,43,3,5,JOINT,JOINT,50,100,70,56,-49,55,9,-36,1155,,,,,,,3,2
3,FORWARD,RIGHT,AV_D,4,approach,rail,E53233024200,3,43,3,6,JOINT,JOINT,50,50,75,77,-41,65,-53,-67,1155,,,,,,,3,2
3,FORWARD,RIGHT,AV_D,4,approach,rail,E53233024200,3,43,3,7,LINEAR,JOINT,100,0,69,65,-48,72,-48,-74,1155,,,,,,,3,2
3,FORWARD,RIGHT,AV_D,4,work,fastener,ASNA2392-3-03,667,1,1,8,LINEAR,CRT,100,0,-35,1572,2,-180,0,90,1155,N,U,T,0,0,0,3,2
3,FORWARD,RIGHT,AV_D,4,work,fastener,ASNA2392-3-03,668,2,2,9,LINEAR,CRT,100,0,-9,1572,2,-180,0,90,1155,N,U,T,0,0,0,3,2
3,FORWARD,RIGHT,AV_D,4,clearance,rail,E53233024200,3,43,3,7,LINEAR,JOINT,100,0,69,65,-48,72,-48,-74,1155,,,,,,,3,2
3,FORWARD,RIGHT,AV_D,4,clearance,rail,E53233024200,3,43,3,6,LINEAR,JOINT,100,50,75,77,-41,65,-53,-67,1155,,,,,,,3,2
3,FORWARD,RIGHT,AV_D,4,clearance,rail,E53233024200,3,43,3,5,JOINT,JOINT,50,100,70,56,-49,55,9,-36,1155,,,,,,,3,2
3,FORWARD,RIGHT,AV_D,4,clearance,rail,E53233024200,3,43,3,4,JOINT,JOINT,50,20,84,79,-53,-51,74,82,1155,,,,,,,3,2
3,FORWARD,RIGHT,AV_D,4,clearance,rail,E53233024200,3,43,3,3,JOINT,JOINT,50,50,79,92,-38,-48,116,94,1155,,,,,,,3,2
3,FORWARD,RIGHT,AV_D,4,clearance,rail,E53233024200,3,43,3,2,LINEAR,JOINT,2000,50,52,42,-39,-34,96,83,1155,,,,,,,3,2
3,FORWARD,RIGHT,AV_D,4,clearance,rail,E53233024200,3,43,3,1,JOINT,JOINT,50,0,0,19,-39,0,106,45,1155,,,,,,,3,2
3,FORWARD,LEFT,AV_G,4,station,rail,E53233024200,3,41,1,1,JOINT,JOINT,50,0,0,19,-39,0,106,45,916,,,,,,,3,2
3,FORWARD,LEFT,AV_G,4,approach,rail,E53233024200,3,41,1,2,LINEAR,JOINT,2000,25,33,34,-29,-3,115,77,916,,,,,,,3,2
3,FORWARD,LEFT,AV_G,4,approach,rail,E53233024200,3,41,1,3,JOINT,JOINT,50,50,45,49,-30,-26,90,82,916,,,,,,,3,2
3,FORWARD,LEFT,AV_G,4,approach,rail,E53233024200,3,41,1,4,JOINT,JOINT,50,25,36,30,-45,73,65,51,916,,,,,,,3,2
3,FORWARD,LEFT,AV_G,4,approach,rail,E53233024200,3,41,1,5,LINEAR,JOINT,2000,50,46,47,-81,53,79,87,916,,,,,,,3,2
3,FORWARD,LEFT,AV_G,4,approach,rail,E53233024200,3,41,1,6,JOINT,JOINT,50,50,44,32,-59,141,27,4,916,,,,,,,3,2
3,FORWARD,LEFT,AV_G,4,approach,rail,E53233024200,3,41,1,13,JOINT,JOINT,50,10,71,63,-64,85,-47,79,916,,,,,,,3,2
3,FORWARD,LEFT,AV_G,4,approach,rail,E53233024200,3,41,1,7,LINEAR,JOINT,100,0,73,71,-53,74,-50,92,916,,,,,,,3,2
3,FORWARD,LEFT,AV_G,4,work,fastener,ASNA2392-3-03,672,1,1,8,LINEAR,CRT,100,0,-34,1548,2,-180,0,-90,916,N,U,T,0,0,0,3,2
3,FORWARD,LEFT,AV_G,4,work,fastener,ASNA2392-3-03,671,2,2,9,LINEAR,CRT,100,0,-9,1548,2,-180,0,-90,916,N,U,T,0,0,0,3,2
3,FORWARD,LEFT,AV_G,4,clearance,rail,E53233024200,3,41,1,7,LINEAR,JOINT,100,0,73,71,-53,74,-50,92,916,,,,,,,3,2
3,FORWARD,LEFT,AV_G,4,clearance,rail,E53233024200,3,41,1,13,LINEAR,JOINT,2000,10,71,63,-64,85,-47,79,916,,,,,,,3,2
3,FORWARD,LEFT,AV_G,4,clearance,rail,E53233024200,3,41,1,6,JOINT,JOINT,50,25,44,32,-59,141,27,4,916,,,,,,,3,2
3,FORWARD,LEFT,AV_G,4,clearance,rail,E53233024200,3,41,1,5,JOINT,JOINT,50,50,46,47,-81,53,79,87,916,,,,,,,3,2
3,FORWARD,LEFT,AV_G,4,clearance,rail,E53233024200,3,41,1,4,LINEAR,JOINT,2000,50,36,30,-45,73,65,51,916,,,,,,,3,2
3,FORWARD,LEFT,AV_G,4,clearance,rail,E53233024200,3,41,1,3,JOINT,JOINT,50,50,45,49,-30,-26,90,82,916,,,,,,,3,2
3,FORWARD,LEFT,AV_G,4,clearance,rail,E53233024200,3,41,1,2,JOINT,JOINT,50,25,33,34,-29,-3,115,77,916,,,,,,,3,2
3,FORWARD,LEFT,AV_G,4,clearance,rail,E53233024200,3,41,1,1,LINEAR,JOINT,2000,0,0,19,-39,0,106,45,916,,,,,,,3,2
3,BACKWARD,RIGHT,AR_D,4,station,rail,E53233024200,3,44,4,1,JOINT,JOINT,50,0,0,19,-39,0,106,45,1328,,,,,,,3,2
3,BACKWARD,RIGHT,AR_D,4,approach,rail,E53233024200,3,44,4,2,JOINT,JOINT,50,50,32,25,-44,-20,98,67,1328,,,,,,,3,2
3,BACKWARD,RIGHT,AR_D,4,approach,rail,E53233024200,3,44,4,3,LINEAR,JOINT,2000,100,52,54,-30,-23,85,88,1328,,,,,,,3,2
3,BACKWARD,RIGHT,AR_D,4,approach,rail,E53233024200,3,44,4,4,JOINT,JOINT,50,100,49,51,-24,2,39,46,1328,,,,,,,3,2
3,BACKWARD,RIGHT,AR_D,4,approach,rail,E53233024200,3,44,4,5,JOINT,JOINT,50,100,48,52,-13,33,-26,-7,1328,,,,,,,3,2
3,BACKWARD,RIGHT,AR_D,4,approach,rail,E53233024200,3,44,4,6,JOINT,JOINT,50,25,47,52,-11,41,-42,-20,1328,,,,,,,3,2
3,BACKWARD,RIGHT,AR_D,4,approach,rail,E53233024200,3,44,4,7,JOINT,JOINT,25,0,44,44,-17,50,-45,-27,1328,,,,,,,3,2
3,BACKWARD,RIGHT,AR_D,4,work,fastener,ASNA2392-3-03,646,1,1,8,LINEAR,CRT,100,0,179,1573,2,-180,0,90,1328,N,U,T,0,0,0,3,2
3,BACKWARD,RIGHT,AR_D,4,work,fastener,ASNA2392-3-03,647,2,2,9,LINEAR,CRT,100,0,149,1573,2,-180,0,70,1328,N,U,T,0,0,0,3,2
3,BACKWARD,RIGHT,AR_D,4,work,fastener,ASNA2392-3-03,648,3,3,10,LINEAR,CRT,100,0,119,1573,2,-180,0,50,1328,N,U,T,0,0,0,3,2
3,BACKWARD,RIGHT,AR_D,4,clearance,rail,E53233024200,3,44,4,7,LINEAR,JOINT,100,0,44,44,-17,50,-45,-27,1328,,,,,,,3,2
3,BACKWARD,RIGHT,AR_D,4,clearance,rail,E53233024200,3,44,4,6,LINEAR,JOINT,2000,25,47,52,-11,41,-42,-20,1328,,,,,,,3,2
3,BACKWARD,RIGHT,AR_D,4,clearance,rail,E53233024200,3,44,4,5,JOINT,JOINT,50,100,48,52,-13,33,-26,-7,1328,,,,,,,3,2
3,BACKWARD,RIGHT,AR_D,4,clearance,rail,E53233024200,3,44,4,4,JOINT,JOINT,50,100,49,51,-24,2,39,46,1328,,,,,,,3,2
3,BACKWARD,RIGHT,AR_D,4,clearance,rail,E53233024200,3,44,4,3,JOINT,JOINT,50,100,52,54,-30,-23,85,88,1328,,,,,,,3,2
3,BACKWARD,RIGHT,AR_D,4,clearance,rail,E53233024200,3,44,4,2,LINEAR,JOINT,2000,50,32,25,-44,-20,98,67,1328,,,,,,,3,2
3,BACKWARD,RIGHT,AR_D,4,clearance,rail,E53233024200,3,44,4,1,JOINT,JOINT,50,0,0,19,-39,0,106,45,1328,,,,,,,3,2
3,BACKWARD,LEFT,AR_G,4,station,rail,E53233024200,3,42,2,1,JOINT,JOINT,50,0,0,19,-39,0,106,45,1052,,,,,,,3,2
3,BACKWARD,LEFT,AR_G,4,approach,rail,E53233024200,3,42,2,2,LINEAR,JOINT,2000,50,35,32,-31,-22,86,74,1052,,,,,,,3,2
3,BACKWARD,LEFT,AR_G,4,approach,rail,E53233024200,3,42,2,3,JOINT,JOINT,50,100,33,25,-32,-21,26,136,1052,,,,,,,3,2
3,BACKWARD,LEFT,AR_G,4,approach,rail,E53233024200,3,42,2,4,JOINT,JOINT,50,100,33,25,-32,65,-27,136,1052,,,,,,,3,2
3,BACKWARD,LEFT,AR_G,4,approach,rail,E53233024200,3,42,2,5,JOINT,JOINT,50,100,42,33,-27,59,-36,138,1052,,,,,,,3,2
3,BACKWARD,LEFT,AR_G,4,approach,rail,E53233024200,3,42,2,6,JOINT,JOINT,50,100,44,38,-24,56,-39,140,1052,,,,,,,3,2
3,BACKWARD,LEFT,AR_G,4,approach,rail,E53233024200,3,42,2,7,LINEAR,JOINT,100,20,46,43,-21,54,-42,142,1052,,,,,,,3,2
3,BACKWARD,LEFT,AR_G,4,work,fastener,ASNA2392-3-03,643,1,1,8,LINEAR,CRT,100,0,179,1547,2,-180,0,-90,1052,N,U,T,0,0,0,3,2
3,BACKWARD,LEFT,AR_G,4,work,fastener,ASNA2392-3-03,644,2,2,9,LINEAR,CRT,100,0,149,1547,2,-180,0,-82,1052,N,U,T,0,0,0,3,2
3,BACKWARD,LEFT,AR_G,4,work,fastener,ASNA2392-3-03,645,3,3,10,LINEAR,CRT,100,0,119,1547,2,-180,0,-47,1052,N,U,T,0,0,0,3,2
3,BACKWARD,LEFT,AR_G,4,clearance,rail,E53233024200,3,42,2,7,LINEAR,JOINT,100,20,46,43,-21,54,-42,142,1052,,,,,,,3,2
3,BACKWARD,LEFT,AR_G,4,clearance,rail,E53233024200,3,42,2,6,LINEAR,JOINT,2000,100,44,38,-24,56,-39,140,1052,,,,,,,3,2
3,BACKWARD,LEFT,AR_G,4,clearance,rail,E53233024200,3,42,2,5,JOINT,JOINT,50,100,42,33,-27,59,-36,138,1052,,,,,,,3,2
3,BACKWARD,LEFT,AR_G,4,clearance,rail,E53233024200,3,42,2,4,JOINT,JOINT,50,100,33,25,-32,65,-27,136,1052,,,,,,,3,2
3,BACKWARD,LEFT,AR_G,4,clearance,rail,E53233024200,3,42,2,3,JOINT,JOINT,50,100,33,25,-32,-21,26,136,1052,,,,,,,3,2
3,BACKWARD,LEFT,AR_G,4,clearance,rail,E53233024200,3,42,2,2,JOINT,JOINT,50,50,35,32,-31,-22,86,74,1052,,,,,,,3,2
3,BACKWARD,LEFT,AR_G,4,clearance,rail,E53233024200,3,42,2,1,LINEAR,JOINT,2000,0,0,19,-39,0,106,45,1052,,,,,,,3,2
4,FORWARD,LEFT,AV_G,3,station,rail,E53233025200,4,32,2,1,JOINT,JOINT,50,0,0,19,-39,0,106,45,1564,,,,,,,3,2
4,FORWARD,LEFT,AV_G,3,approach,rail,E53233025200,4,32,2,13,JOINT,JOINT,50,10,-25,29,-39,15,86,-53,1564,,,,,,,3,2
4,FORWARD,LEFT,AV_G,3,approach,rail,E53233025200,4,32,2,2,JOINT,JOINT,50,50,-52,42,-39,34,96,-173,1564,,,,,,,3,2
4,FORWARD,LEFT,AV_G,3,approach,rail,E53233025200,4,32,2,3,LINEAR,JOINT,2000,20,-79,92,-38,48,116,-184,1564,,,,,,,3,2
4,FORWARD,LEFT,AV_G,3,approach,rail,E53233025200,4,32,2,4,JOINT,JOINT,50,50,-84,79,-53,51,74,-172,1564,,,,,,,3,2
4,FORWARD,LEFT,AV_G,3,approach,rail,E53233025200,4,32,2,5,JOINT,JOINT,50,50,-70,56,-49,-55,9,-54,1564,,,,,,,3,2
4,FORWARD,LEFT,AV_G,3,approach,rail,E53233025200,4,32,2,6,JOINT,JOINT,50,50,-75,77,-41,-65,-53,-23,1564,,,,,,,3,2
4,FORWARD,LEFT,AV_G,3,approach,rail,E53233025200,4,32,2,7,LINEAR,JOINT,100,0,-69,65,-48,-72,-48,-16,1564,,,,,,,3,2
4,FORWARD,LEFT,AV_G,3,work,fastener,ASNA2392-3-03,663,1,1,8,LINEAR,CRT,100,0,-35,1040,2,-180,0,-90,1564,N,U,T,0,0,0,3,2
4,FORWARD,LEFT,AV_G,3,work,fastener,ASNA2392-3-03,662,2,2,9,LINEAR,CRT,100,0,-9,1040,2,-180,0,-90,1564,N,U,T,0,0,0,3,2
4,FORWARD,LEFT,AV_G,3,clearance,rail,E53233025200,4,32,2,7,LINEAR,JOINT,100,0,-69,65,-48,-72,-48,-16,1564,,,,,,,3,2
4,FORWARD,LEFT,AV_G,3,clearance,rail,E53233025200,4,32,2,6,LINEAR,JOINT,2000,50,-75,77,-41,-65,-53,-23,1564,,,,,,,3,2
4,FORWARD,LEFT,AV_G,3,clearance,rail,E53233025200,4,32,2,5,JOINT,JOINT,50,50,-70,56,-49,-55,9,-54,1564,,,,,,,3,2
4,FORWARD,LEFT,AV_G,3,clearance,rail,E53233025200,4,32,2,4,JOINT,JOINT,50,20,-84,79,-53,51,74,-172,1564,,,,,,,3,2
4,FORWARD,LEFT,AV_G,3,clearance,rail,E53233025200,4,32,2,3,JOINT,JOINT,50,50,-79,92,-38,48,116,-184,1564,,,,,,,3,2
4,FORWARD,LEFT,AV_G,3,clearance,rail,E53233025200,4,32,2,2,LINEAR,JOINT,2000,50,-52,42,-39,34,96,-173,1564,,,,,,,3,2
4,FORWARD,LEFT,AV_G,3,clearance,rail,E53233025200,4,32,2,13,JOINT,JOINT,50,10,-25,29,-39,15,86,-53,1564,,,,,,,3,2
4,FORWARD,LEFT,AV_G,3,clearance,rail,E53233025200,4,32,2,1,JOINT,JOINT,50,0,0,19,-39,0,106,45,1564,,,,,,,3,2
4,FORWARD,RIGHT,AV_D,3,station,rail,E53233025200,4,34,4,1,JOINT,JOINT,50,0,0,19,-39,0,106,45,1803,,,,,,,3,2
4,FORWARD,RIGHT,AV_D,3,approach,rail,E53233025200,4,34,4,2,LINEAR,JOINT,2000,25,-35,29,-27,4,78,45,1803,,,,,,,3,2
4,FORWARD,RIGHT,AV_D,3,approach,rail,E53233025200,4,34,4,3,JOINT,JOINT,50,100,-45,49,-30,26,90,45,1803,,,,,,,3,2
4,FORWARD,RIGHT,AV_D,3,approach,rail,E53233025200,4,34,4,4,JOINT,JOINT,50,25,-36,30,-44,-73,65,-141,1803,,,,,,,3,2
4,FORWARD,RIGHT,AV_D,3,approach,rail,E53233025200,4,34,4,5,LINEAR,JOINT,2000,100,-52,58,-94,-46,87,-187,1803,,,,,,,3,2
4,FORWARD,RIGHT,AV_D,3,approach,rail,E53233025200,4,34,4,6,LINEAR,JOINT,2000,100,-44,32,-59,-140,27,-94,1803,,,,,,,3,2
4,FORWARD,RIGHT,AV_D,3,approach,rail,E53233025200,4,34,4,13,JOINT,JOINT,50,10,-71,63,-64,-85,-46,-168,1803,,,,,,,3,2
4,FORWARD,RIGHT,AV_D,3,approach,rail,E53233025200,4,34,4,7,LINEAR,JOINT,100,0,-73,71,-53,-74,-50,-182,1803,,,,,,,3,2
4,FORWARD,RIGHT,AV_D,3,work,fastener,ASNA2392-3-03,666,1,1,8,LINEAR,CRT,100,0,-34,1064,2,-180,0,90,1803,N,U,T,0,0,0,3,2
4,FORWARD,RIGHT,AV_D,3,work,fastener,ASNA2392-3-03,665,2,2,9,LINEAR,CRT,100,0,-9,1064,2,-180,0,90,1803,N,U,T,0,0,0,3,2
4,FORWARD,RIGHT,AV_D,3,clearance,rail,E53233025200,4,34,4,7,LINEAR,JOINT,100,0,-73,71,-53,-74,-50,-182,1803,,,,,,,3,2
4,FORWARD,RIGHT,AV_D,3,clearance,rail,E53233025200,4,34,4,13,LINEAR,JOINT,2000,10,-71,63,-64,-85,-46,-168,1803,,,,,,,3,2
4,FORWARD,RIGHT,AV_D,3,clearance,rail,E53233025200,4,34,4,6,JOINT,JOINT,50,50,-44,32,-59,-140,27,-94,1803,,,,,,,3,2
4,FORWARD,RIGHT,AV_D,3,clearance,rail,E53233025200,4,34,4,5,LINEAR,JOINT,2000,100,-52,58,-94,-46,87,-187,1803,,,,,,,3,2
4,FORWARD,RIGHT,AV_D,3,clearance,rail,E53233025200,4,34,4,4,LINEAR,JOINT,2000,100,-36,30,-44,-73,65,-141,1803,,,,,,,3,2
4,FORWARD,RIGHT,AV_D,3,clearance,rail,E53233025200,4,34,4,3,JOINT,JOINT,50,100,-45,49,-30,26,90,45,1803,,,,,,,3,2
4,FORWARD,RIGHT,AV_D,3,clearance,rail,E53233025200,4,34,4,2,JOINT,JOINT,50,25,-35,29,-27,4,78,45,1803,,,,,,,3,2
4,FORWARD,RIGHT,AV_D,3,clearance,rail,E53233025200,4,34,4,1,LINEAR,JOINT,2000,0,0,19,-39,0,106,45,1803,,,,,,,3,2
4,BACKWARD,LEFT,AR_G,3,station,rail,E53233025200,4,31,1,1,JOINT,JOINT,50,0,0,19,-39,0,106,45,1392,,,,,,,3,2
4,BACKWARD,LEFT,AR_G,3,approach,rail,E53233025200,4,31,1,2,JOINT,JOINT,50,25,-32,25,-44,20,98,23,1392,,,,,,,3,2
4,BACKWARD,LEFT,AR_G,3,approach,rail,E53233025200,4,31,1,3,JOINT,JOINT,50,20,-52,54,-30,23,85,3,1392,,,,,,,3,2
4,BACKWARD,LEFT,AR_G,3,approach,rail,E53233025200,4,31,1,4,JOINT,JOINT,50,20,-48,47,-27,-4,42,-135,1392,,,,,,,3,2
4,BACKWARD,LEFT,AR_G,3,approach,rail,E53233025200,4,31,1,5,JOINT,JOINT,50,50,-48,52,-13,-33,-26,-83,1392,,,,,,,3,2
4,BACKWARD,LEFT,AR_G,3,approach,rail,E53233025200,4,31,1,6,JOINT,JOINT,50,50,-47,52,-11,-41,-42,-70,1392,,,,,,,3,2
4,BACKWARD,LEFT,AR_G,3,approach,rail,E53233025200,4,31,1,7,JOINT,JOINT,25,0,-44,44,-17,-50,-45,-63,1392,,,,,,,3,2
4,BACKWARD,LEFT,AR_G,3,work,fastener,ASNA2392-3-03,649,1,1,8,LINEAR,CRT,100,0,179,1040,2,-180,0,-90,1392,N,U,T,0,0,0,3,2
4,BACKWARD,LEFT,AR_G,3,work,fastener,ASNA2392-3-03,651,2,2,9,LINEAR,CRT,100,0,149,1040,2,-180,0,-70,1392,N,U,T,0,0,0,3,2
4,BACKWARD,LEFT,AR_G,3,work,fastener,ASNA2392-3-03,650,3,3,10,LINEAR,CRT,100,0,119,1040,2,-180,0,-50,1392,N,U,T,0,0,0,3,2
4,BACKWARD,LEFT,AR_G,3,clearance,rail,E53233025200,4,31,1,7,LINEAR,JOINT,100,0,-44,44,-17,-50,-45,-63,1392,,,,,,,3,2
4,BACKWARD,LEFT,AR_G,3,clearance,rail,E53233025200,4,31,1,6,LINEAR,JOINT,2000,50,-47,52,-11,-41,-42,-70,1392,,,,,,,3,2
4,BACKWARD,LEFT,AR_G,3,clearance,rail,E53233025200,4,31,1,5,JOINT,JOINT,50,50,-48,52,-13,-33,-26,-83,1392,,,,,,,3,2
4,BACKWARD,LEFT,AR_G,3,clearance,rail,E53233025200,4,31,1,4,JOINT,JOINT,50,50,-48,47,-27,-4,42,-135,1392,,,,,,,3,2
4,BACKWARD,LEFT,AR_G,3,clearance,rail,E53233025200,4,31,1,3,JOINT,JOINT,50,50,-52,54,-30,23,85,3,1392,,,,,,,3,2
4,BACKWARD,LEFT,AR_G,3,clearance,rail,E53233025200,4,31,1,2,JOINT,JOINT,50,25,-32,25,-44,20,98,23,1392,,,,,,,3,2
4,BACKWARD,LEFT,AR_G,3,clearance,rail,E53233025200,4,31,1,1,JOINT,JOINT,50,0,0,19,-39,0,106,45,1392,,,,,,,3,2
4,BACKWARD,RIGHT,AR_D,3,station,rail,E53233025200,4,33,3,1,JOINT,JOINT,50,0,0,19,-39,0,106,45,1666,,,,,,,3,2
4,BACKWARD,RIGHT,AR_D,3,approach,rail,E53233025200,4,33,3,2,LINEAR,JOINT,2000,50,-35,32,-31,22,86,16,1666,,,,,,,3,2
4,BACKWARD,RIGHT,AR_D,3,approach,rail,E53233025200,4,33,3,3,JOINT,JOINT,50,100,-33,25,-32,21,26,133,1666,,,,,,,3,2
4,BACKWARD,RIGHT,AR_D,3,approach,rail,E53233025200,4,33,3,4,JOINT,JOINT,50,100,-33,25,-32,-65,-27,136,1666,,,,,,,3,2
4,BACKWARD,RIGHT,AR_D,3,approach,rail,E53233025200,4,33,3,5,JOINT,JOINT,50,100,-42,33,-27,-59,-36,138,1666,,,,,,,3,2
4,BACKWARD,RIGHT,AR_D,3,approach,rail,E53233025200,4,33,3,6,JOINT,JOINT,50,25,-44,38,-24,-56,-39,140,1666,,,,,,,3,2
4,BACKWARD,RIGHT,AR_D,3,approach,rail,E53233025200,4,33,3,7,JOINT,JOINT,25,5,-46,43,-21,-54,-42,142,1666,,,,,,,3,2
4,BACKWARD,RIGHT,AR_D,3,work,fastener,ASNA2392-3-03,654,1,1,8,LINEAR,CRT,100,0,179,1064,2,-180,0,90,1666,N,U,T,0,0,0,3,2
4,BACKWARD,RIGHT,AR_D,3,work,fastener,ASNA2392-3-03,653,2,2,9,LINEAR,CRT,100,0,149,1064,2,-180,0,82,1666,N,U,T,0,0,0,3,2
4,BACKWARD,RIGHT,AR_D,3,work,fastener,ASNA2392-3-03,652,3,3,10,LINEAR,CRT,100,0,119,1064,2,-180,0,47,1666,N,U,T,0,0,0,3,2
4,BACKWARD,RIGHT,AR_D,3,clearance,rail,E53233025200,4,33,3,7,LINEAR,JOINT,100,5,-46,43,-21,-54,-42,142,1666,,,,,,,3,2
4,BACKWARD,RIGHT,AR_D,3,clearance,rail,E53233025200,4,33,3,6,JOINT,JOINT,50,25,-44,38,-24,-56,-39,140,1666,,,,,,,3,2
4,BACKWARD,RIGHT,AR_D,3,clearance,rail,E53233025200,4,33,3,5,JOINT,JOINT,50,100,-42,33,-27,-59,-36,138,1666,,,,,,,3,2
4,BACKWARD,RIGHT,AR_D,3,clearance,rail,E53233025200,4,33,3,4,JOINT,JOINT,50,100,-33,25,-32,-65,-27,136,1666,,,,,,,3,2
4,BACKWARD,RIGHT,AR_D,3,clearance,rail,E53233025200,4,33,3,3,JOINT,JOINT,50,100,-33,25,-32,21,26,133,1666,,,,,,,3,2
4,BACKWARD,RIGHT,AR_D,3,clearance,rail,E53233025200,4,33,3,2,JOINT,JOINT,50,50,-35,32,-31,22,86,16,1666,,,,,,,3,2
4,BACKWARD,RIGHT,AR_D,3,clearance,rail,E53233025200,4,33,3,1,JOINT,JOINT,50,0,0,19,-39,0,106,45,1666,,,,,,,3,2
5,FORWARD,LEFT,AV_G,2,station,rail,E53233045200,5,22,2,1,JOINT,JOINT,50,0,0,19,-39,0,106,45,1054,,,,,,,3,2
5,FORWARD,LEFT,AV_G,2,approach,rail,E53233045200,5,22,2,16,JOINT,JOINT,50,25,-23,29,-39,15,86,-53,1054,,,,,,,3,2
5,FORWARD,LEFT,AV_G,2,approach,rail,E53233045200,5,22,2,2,JOINT,JOINT,50,50,-52,42,-39,34,96,-173,1054,,,,,,,3,2
5,FORWARD,LEFT,AV_G,2,approach,rail,E53233045200,5,22,2,3,LINEAR,JOINT,2000,20,-83,81,-65,35,112,-176,1054,,,,,,,3,2
5,FORWARD,LEFT,AV_G,2,approach,rail,E53233045200,5,22,2,4,JOINT,JOINT,50,100,-84,78,-53,50,73,-171,1054,,,,,,,3,2
5,FORWARD,LEFT,AV_G,2,approach,rail,E53233045200,5,22,2,5,JOINT,JOINT,50,100,-70,55,-49,-55,9,-54,1054,,,,,,,3,2
5,FORWARD,LEFT,AV_G,2,approach,rail,E53233045200,5,22,2,6,JOINT,JOINT,50,25,-73,78,-42,-66,-54,-23,1054,,,,,,,3,2
5,FORWARD,LEFT,AV_G,2,approach,rail,E53233045200,5,22,2,7,LINEAR,JOINT,100,5,-73,71,-55,-76,-49,-3,1054,,,,,,,3,2
5,FORWARD,LEFT,AV_G,2,work,fastener,ASNA2392-3-04,706,1,1,8,LINEAR,CRT,100,0,-121,527,4,-180,0,-90,1054,N,U,T,0,0,0,3,2
5,FORWARD,LEFT,AV_G,2,work,fastener,ASNA2392-3-04,707,2,2,9,LINEAR,CRT,100,0,-98,527,4,-180,0,-90,1054,N,U,T,0,0,0,3,2
5,FORWARD,LEFT,AV_G,2,work,fastener,ASNA2392-3-04,708,3,3,10,LINEAR,CRT,100,0,-74,527,4,-180,0,-90,1054,N,U,T,0,0,0,3,2
5,FORWARD,LEFT,AV_G,2,work,fastener,ASNA2392-3-04,709,4,4,11,LINEAR,CRT,100,0,-50,527,4,-180,0,-90,1054,N,U,T,0,0,0,3,2
5,FORWARD,LEFT,AV_G,2,work,fastener,ASNA2392-3-05,710,5,5,12,LINEAR,CRT,100,0,-26,527,5,-180,0,-90,1054,N,U,T,0,0,0,3,2
5,FORWARD,LEFT,AV_G,2,work,fastener,ASNA2392-3-05,711,6,6,13,LINEAR,CRT,100,0,-3,527,5,-180,0,-112,1054,N,U,T,0,0,0,3,2
5,FORWARD,LEFT,AV_G,2,clearance,rail,E53233045200,5,22,2,7,LINEAR,JOINT,100,5,-73,71,-55,-76,-49,-3,1054,,,,,,,3,2
5,FORWARD,LEFT,AV_G,2,clearance,rail,E53233045200,5,22,2,6,LINEAR,JOINT,2000,25,-73,78,-42,-66,-54,-23,1054,,,,,,,3,2
5,FORWARD,LEFT,AV_G,2,clearance,rail,E53233045200,5,22,2,5,JOINT,JOINT,50,100,-70,55,-49,-55,9,-54,1054,,,,,,,3,2
5,FORWARD,LEFT,AV_G,2,clearance,rail,E53233045200,5,22,2,4,JOINT,JOINT,50,100,-84,78,-53,50,73,-171,1054,,,,,,,3,2
5,FORWARD,LEFT,AV_G,2,clearance,rail,E53233045200,5,22,2,3,JOINT,JOINT,50,50,-83,81,-65,35,112,-176,1054,,,,,,,3,2
5,FORWARD,LEFT,AV_G,2,clearance,rail,E53233045200,5,22,2,2,LINEAR,JOINT,2000,30,-52,42,-39,34,96,-173,1054,,,,,,,3,2
5,FORWARD,LEFT,AV_G,2,clearance,rail,E53233045200,5,22,2,16,JOINT,JOINT,50,25,-23,29,-39,15,86,-53,1054,,,,,,,3,2
5,FORWARD,LEFT,AV_G,2,clearance,rail,E53233045200,5,22,2,1,JOINT,JOINT,50,0,0,19,-39,0,106,45,1054,,,,,,,3,2
5,FORWARD,RIGHT,AV_D,2,station,rail,E53233045200,5,24,4,1,JOINT,JOINT,50,0,0,19,-39,0,106,45,1293,,,,,,,3,2
5,FORWARD,RIGHT,AV_D,2,approach,rail,E53233045200,5,24,4,2,LINEAR,JOINT,2000,25,-34,31,-27,3,112,45,1293,,,,,,,3,2
5,FORWARD,RIGHT,AV_D,2,approach,rail,E53233045200,5,24,4,3,JOINT,JOINT,50,100,-45,46,-23,25,84,45,1293,,,,,,,3,2
5,FORWARD,RIGHT,AV_D,2,approach,rail,E53233045200,5,24,4,4,JOINT,JOINT,50,25,-36,31,-45,-73,66,-141,1293,,,,,,,3,2
5,FORWARD,RIGHT,AV_D,2,approach,rail,E53233045200,5,24,4,5,LINEAR,JOINT,2000,100,-45,46,-79,-54,77,-175,1293,,,,,,,3,2
5,FORWARD,RIGHT,AV_D,2,approach,rail,E53233045200,5,24,4,6,JOINT,JOINT,50,100,-44,32,-59,-141,27,-94,1293,,,,,,,3,2
5,FORWARD,RIGHT,AV_D,2,approach,rail,E53233045200,5,24,4,16,JOINT,JOINT,50,25,-71,63,-64,-85,-47,-169,1293,,,,,,,3,2
5,FORWARD,RIGHT,AV_D,2,approach,rail,E53233045200,5,24,4,7,LINEAR,JOINT,100,5,-73,71,-53,-74,-50,-182,1293,,,,,,,3,2
5,FORWARD,RIGHT,AV_D,2,work,fastener,ASNA2392-3-04,702,1,1,8,LINEAR,CRT,100,0,-120,554,4,180,0,90,1293,N,U,T,0,0,0,3,2
5,FORWARD,RIGHT,AV_D,2,work,fastener,ASNA2392-3-04,703,2,2,9,LINEAR,CRT,100,0,-96,554,4,-180,0,90,1293,N,U,T,0,0,0,3,2
5,FORWARD,RIGHT,AV_D,2,work,fastener,ASNA2392-3-04,704,3,3,10,LINEAR,CRT,100,0,-72,554,4,-180,0,90,1293,N,U,T,0,0,0,3,2
5,FORWARD,RIGHT,AV_D,2,work,fastener,ASNA2392-3-04,705,4,4,11,LINEAR,CRT,100,0,-48,554,4,-180,0,90,1293,N,U,T,0,0,0,3,2
5,FORWARD,RIGHT,AV_D,2,work,fastener,ASNA2392-3-05,710,5,5,12,LINEAR,CRT,100,0,-25,554,5,-180,0,90,1293,N,U,T,0,0,0,3,2
5,FORWARD,RIGHT,AV_D,2,work,fastener,ASNA2392-3-05,713,6,6,13,LINEAR,CRT,100,0,0,554,5,-180,0,90,1293,N,U,T,0,0,0,3,2
5,FORWARD,RIGHT,AV_D,2,clearance,rail,E53233045200,5,24,4,7,LINEAR,JOINT,100,5,-73,71,-53,-74,-50,-182,1293,,,,,,,3,2
5,FORWARD,RIGHT,AV_D,2,clearance,rail,E53233045200,5,24,4,16,LINEAR,JOINT,2000,25,-71,63,-64,-85,-47,-169,1293,,,,,,,3,2
5,FORWARD,RIGHT,AV_D,2,clearance,rail,E53233045200,5,24,4,6,JOINT,JOINT,50,25,-44,32,-59,-141,27,-94,1293,,,,,,,3,2
5,FORWARD,RIGHT,AV_D,2,clearance,rail,E53233045200,5,24,4,5,JOINT,JOINT,50,50,-45,46,-79,-54,77,-175,1293,,,,,,,3,2
5,FORWARD,RIGHT,AV_D,2,clearance,rail,E53233045200,5,24,4,4,LINEAR,JOINT,2000,50,-36,31,-45,-73,66,-141,1293,,,,,,,3,2
5,FORWARD,RIGHT,AV_D,2,clearance,rail,E53233045200,5,24,4,3,JOINT,JOINT,50,50,-45,46,-23,25,84,45,1293,,,,,,,3,2
5,FORWARD,RIGHT,AV_D,2,clearance,rail,E53233045200,5,24,4,2,JOINT,JOINT,50,25,-34,31,-27,3,112,45,1293,,,,,,,3,2
5,FORWARD,RIGHT,AV_D,2,clearance,rail,E53233045200,5,24,4,1,JOINT,JOINT,50,0,0,19,-39,0,106,45,1293,,,,,,,3,2
5,BACKWARD,LEFT,AR_G,2,station,rail,E53233045200,5,21,1,1,JOINT,JOINT,50,0,0,19,-39,0,106,45,881,,,,,,,3,2
5,BACKWARD,LEFT,AR_G,2,approach,rail,E53233045200,5,21,1,2,JOINT,JOINT,50,25,-32,25,-44,20,98,24,881,,,,,,,3,2
5,BACKWARD,LEFT,AR_G,2,approach,rail,E53233045200,5,21,1,3,JOINT,JOINT,50,20,-37,37,-22,-69,53,-116,881,,,,,,,3,2
5,BACKWARD,LEFT,AR_G,2,approach,rail,E53233045200,5,21,1,4,JOINT,JOINT,50,50,-55,44,-18,-95,-48,-44,881,,,,,,,3,2
5,BACKWARD,LEFT,AR_G,2,approach,rail,E53233045200,5,21,1,5,JOINT,JOINT,50,50,-47,55,-6,-53,-58,-41,881,,,,,,,3,2
5,BACKWARD,LEFT,AR_G,2,approach,rail,E53233045200,5,21,1,6,JOINT,JOINT,50,25,-47,52,-11,-48,-49,-51,881,,,,,,,3,2
5,BACKWARD,LEFT,AR_G,2,approach,rail,E53233045200,5,21,1,7,LINEAR,JOINT,100,5,-43,46,-13,-46,-47,-59,881,,,,,,,3,2
5,BACKWARD,LEFT,AR_G,2,work,fastener,ASNA2392-3-04,692,1,1,8,LINEAR,CRT,100,0,231,527,4,-180,0,-90,881,N,U,T,0,0,0,3,2
5,BACKWARD,LEFT,AR_G,2,work,fastener,ASNA2392-3-04,693,2,2,9,LINEAR,CRT,100,0,205,527,4,180,0,-77,881,N,U,T,0,0,0,3,2
5,BACKWARD,LEFT,AR_G,2,work,fastener,ASNA2392-3-04,694,3,3,10,LINEAR,CRT,100,0,181,527,4,180,0,-77,881,N,U,T,0,0,0,3,2
5,BACKWARD,LEFT,AR_G,2,work,fastener,ASNA2392-3-04,695,4,4,11,LINEAR,CRT,100,0,158,527,4,180,0,-77,881,N,U,T,0,0,0,3,2
5,BACKWARD,LEFT,AR_G,2,work,fastener,ASNA2392-3-04,696,5,5,12,LINEAR,CRT,100,0,134,527,4,-180,-1,-56,881,N,U,T,0,0,0,3,2
5,BACKWARD,LEFT,AR_G,2,clearance,rail,E53233045200,5,21,1,7,LINEAR,JOINT,100,5,-43,46,-13,-46,-47,-59,881,,,,,,,3,2
5,BACKWARD,LEFT,AR_G,2,clearance,rail,E53233045200,5,21,1,6,LINEAR,JOINT,2000,25,-47,52,-11,-48,-49,-51,881,,,,,,,3,2
5,BACKWARD,LEFT,AR_G,2,clearance,rail,E53233045200,5,21,1,5,JOINT,JOINT,50,50,-47,55,-6,-53,-58,-41,881,,,,,,,3,2
5,BACKWARD,LEFT,AR_G,2,clearance,rail,E53233045200,5,21,1,4,JOINT,JOINT,50,50,-55,44,-18,-95,-48,-44,881,,,,,,,3,2
5,BACKWARD,LEFT,AR_G,2,clearance,rail,E53233045200,5,21,1,3,JOINT,JOINT,50,20,-37,37,-22,-69,53,-116,881,,,,,,,3,2
5,BACKWARD,LEFT,AR_G,2,clearance,rail,E53233045200,5,21,1,2,JOINT,JOINT,50,20,-32,25,-44,20,98,24,881,,,,,,,3,2
5,BACKWARD,LEFT,AR_G,2,clearance,rail,E53233045200,5,21,1,1,JOINT,JOINT,50,0,0,19,-39,0,106,45,881,,,,,,,3,2
5,BACKWARD,RIGHT,AR_D,2,station,rail,E53233045200,5,23,3,1,JOINT,JOINT,50,0,0,19,-39,0,106,45,1156,,,,,,,3,2
5,BACKWARD,RIGHT,AR_D,2,approach,rail,E53233045200,5,23,3,13,JOINT,JOINT,50,50,-33,25,-32,21,87,17,1156,,,,,,,3,2
5,BACKWARD,RIGHT,AR_D,2,approach,rail,E53233045200,5,23,3,3,JOINT,JOINT,50,100,-33,25,-32,21,26,135,1156,,,,,,,3,2
5,BACKWARD,RIGHT,AR_D,2,approach,rail,E53233045200,5,23,3,4,JOINT,JOINT,50,100,-33,25,-32,-65,-27,135,1156,,,,,,,3,2
5,BACKWARD,RIGHT,AR_D,2,approach,rail,E53233045200,5,23,3,5,JOINT,JOINT,50,100,-42,33,-27,-59,-36,138,1156,,,,,,,3,2
5,BACKWARD,RIGHT,AR_D,2,approach,rail,E53233045200,5,23,3,6,JOINT,JOINT,50,25,-44,38,-24,-56,-39,140,1156,,,,,,,3,2
5,BACKWARD,RIGHT,AR_D,2,approach,rail,E53233045200,5,23,3,7,LINEAR,JOINT,100,5,-46,43,-21,-54,-42,142,1156,,,,,,,3,2
5,BACKWARD,RIGHT,AR_D,2,work,fastener,ASNA2392-3-04,701,1,1,8,LINEAR,CRT,100,0,230,554,4,180,0,90,1156,N,U,T,0,0,0,3,2
5,BACKWARD,RIGHT,AR_D,2,work,fastener,ASNA2392-3-04,700,2,2,9,LINEAR,CRT,100,0,206,554,4,-180,0,90,1156,N,U,T,0,0,0,3,2
5,BACKWARD,RIGHT,AR_D,2,work,fastener,ASNA2392-3-04,699,3,3,10,LINEAR,CRT,100,0,182,554,4,180,0,71,1156,N,U,T,0,0,0,3,2
5,BACKWARD,RIGHT,AR_D,2,work,fastener,ASNA2392-3-04,698,4,4,11,LINEAR,CRT,100,0,158,554,4,-180,0,67,1156,N,U,T,0,0,0,3,2
5,BACKWARD,RIGHT,AR_D,2,work,fastener,ASNA2392-3-04,697,5,5,12,LINEAR,CRT,100,0,134,554,4,-180,0,47,1156,N,U,T,0,0,0,3,2
5,BACKWARD,RIGHT,AR_D,2,clearance,rail,E53233045200,5,23,3,7,LINEAR,JOINT,100,5,-46,43,-21,-54,-42,142,1156,,,,,,,3,2
5,BACKWARD,RIGHT,AR_D,2,clearance,rail,E53233045200,5,23,3,6,JOINT,JOINT,20,25,-44,38,-24,-56,-39,140,1156,,,,,,,3,2
5,BACKWARD,RIGHT,AR_D,2,clearance,rail,E53233045200,5,23,3,5,JOINT,JOINT,50,100,-42,33,-27,-59,-36,138,1156,,,,,,,3,2
5,BACKWARD,RIGHT,AR_D,2,clearance,rail,E53233045200,5,23,3,4,JOINT,JOINT,50,100,-33,25,-32,-65,-27,135,1156,,,,,,,3,2
5,BACKWARD,RIGHT,AR_D,2,clearance,rail,E53233045200,5,23,3,3,JOINT,JOINT,50,100,-33,25,-32,21,26,135,1156,,,,,,,3,2
5,BACKWARD,RIGHT,AR_D,2,clearance,rail,E53233045200,5,23,3,13,JOINT,JOINT,50,50,-33,25,-32,21,87,17,1156,,,,,,,3,2
5,BACKWARD,RIGHT,AR_D,2,clearance,rail,E53233045200,5,23,3,1,JOINT,JOINT,50,0,0,19,-39,0,106,45,1156,,,,,,,3,2
6,FORWARD,LEFT,AV_G,1,station,rail,E53233043200,6,11,1,1,JOINT,JOINT,50,0,0,19,-39,0,106,45,527,,,,,,,3,2
6,FORWARD,LEFT,AV_G,1,approach,rail,E53233043200,6,11,1,16,JOINT,JOINT,50,25,-23,29,-39,15,86,-53,527,,,,,,,3,2
6,FORWARD,LEFT,AV_G,1,approach,rail,E53233043200,6,11,1,2,JOINT,JOINT,50,50,-52,42,-39,34,96,-173,527,,,,,,,3,2
6,FORWARD,LEFT,AV_G,1,approach,rail,E53233043200,6,11,1,3,LINEAR,JOINT,2000,20,-83,81,-65,35,112,-176,527,,,,,,,3,2
6,FORWARD,LEFT,AV_G,1,approach,rail,E53233043200,6,11,1,4,JOINT,JOINT,50,100,-84,78,-53,50,73,-171,527,,,,,,,3,2
6,FORWARD,LEFT,AV_G,1,approach,rail,E53233043200,6,11,1,5,JOINT,JOINT,50,100,-70,55,-49,-55,9,-54,527,,,,,,,3,2
6,FORWARD,LEFT,AV_G,1,approach,rail,E53233043200,6,11,1,6,JOINT,JOINT,50,25,-73,78,-42,-66,-54,-23,527,,,,,,,3,2
6,FORWARD,LEFT,AV_G,1,approach,rail,E53233043200,6,11,1,7,LINEAR,JOINT,100,5,-73,71,-55,-76,-49,-3,527,,,,,,,3,2
6,FORWARD,LEFT,AV_G,1,work,fastener,ASNA2392-3-04,737,1,1,8,LINEAR,CRT,100,0,-121,0,4,-180,0,-90,527,N,U,T,0,0,0,3,2
6,FORWARD,LEFT,AV_G,1,work,fastener,ASNA2392-3-04,736,2,2,9,LINEAR,CRT,100,0,-98,0,4,-180,0,-90,527,N,U,T,0,0,0,3,2
6,FORWARD,LEFT,AV_G,1,work,fastener,ASNA2392-3-04,735,3,3,10,LINEAR,CRT,100,0,-74,0,4,-180,0,-90,527,N,U,T,0,0,0,3,2
6,FORWARD,LEFT,AV_G,1,work,fastener,ASNA2392-3-04,734,4,4,11,LINEAR,CRT,100,0,-50,0,4,-180,0,-90,527,N,U,T,0,0,0,3,2
6,FORWARD,LEFT,AV_G,1,work,fastener,ASNA2392-3-05,733,5,5,12,LINEAR,CRT,100,0,-26,0,5,-180,0,-90,527,N,U,T,0,0,0,3,2
6,FORWARD,LEFT,AV_G,1,work,fastener,ASNA2392-3-05,732,6,6,13,LINEAR,CRT,100,0,-3,0,5,-180,0,-112,527,N,U,T,0,0,0,3,2
6,FORWARD,LEFT,AV_G,1,work,fastener,ASNA2392-3-07,727,7,7,14,LINEAR,CRT,100,0,36,0,5,-180,0,-128,527,N,U,T,0,0,0,3,2
6,FORWARD,LEFT,AV_G,1,work,fastener,ASNA2392-3-07,726,8,8,15,LINEAR,CRT,100,0,58,0,5,-180,0,-137,527,N,U,T,0,0,0,3,2
6,FORWARD,LEFT,AV_G,1,clearance,rail,E53233043200,6,11,1,7,LINEAR,JOINT,100,5,-73,71,-55,-76,-49,-3,527,,,,,,,3,2
6,FORWARD,LEFT,AV_G,1,clearance,rail,E53233043200,6,11,1,6,LINEAR,JOINT,2000,25,-73,78,-42,-66,-54,-23,527,,,,,,,3,2
6,FORWARD,LEFT,AV_G,1,clearance,rail,E53233043200,6,11,1,5,JOINT,JOINT,50,100,-70,55,-49,-55,9,-54,527,,,,,,,3,2
6,FORWARD,LEFT,AV_G,1,clearance,rail,E53233043200,6,11,1,4,JOINT,JOINT,50,100,-84,78,-53,50,73,-171,527,,,,,,,3,2
6,FORWARD,LEFT,AV_G,1,clearance,rail,E53233043200,6,11,1,3,JOINT,JOINT,50,50,-83,81,-65,35,112,-176,527,,,,,,,3,2
6,FORWARD,LEFT,AV_G,1,clearance,rail,E53233043200,6,11,1,2,LINEAR,JOINT,2000,30,-52,42,-39,34,96,-173,527,,,,,,,3,2
6,FORWARD,LEFT,AV_G,1,clearance,rail,E53233043200,6,11,1,16,JOINT,JOINT,50,25,-23,29,-39,15,86,-53,527,,,,,,,3,2
6,FORWARD,LEFT,AV_G,1,clearance,rail,E53233043200,6,11,1,1,JOINT,JOINT,50,0,0,19,-39,0,106,45,527,,,,,,,3,2
6,FORWARD,RIGHT,AV_D,1,station,rail,E53233043200,6,14,4,1,JOINT,JOINT,50,0,0,19,-39,0,106,45,766,,,,,,,3,2
6,FORWARD,RIGHT,AV_D,1,approach,rail,E53233043200,6,14,4,2,LINEAR,JOINT,2000,25,-34,31,-27,3,112,45,766,,,,,,,3,2
6,FORWARD,RIGHT,AV_D,1,approach,rail,E53233043200,6,14,4,3,JOINT,JOINT,50,100,-45,46,-23,25,84,45,766,,,,,,,3,2
6,FORWARD,RIGHT,AV_D,1,approach,rail,E53233043200,6,14,4,4,JOINT,JOINT,50,25,-36,31,-45,-73,66,-141,766,,,,,,,3,2
6,FORWARD,RIGHT,AV_D,1,approach,rail,E53233043200,6,14,4,5,LINEAR,JOINT,2000,100,-45,46,-79,-54,77,-175,766,,,,,,,3,2
6,FORWARD,RIGHT,AV_D,1,approach,rail,E53233043200,6,14,4,6,JOINT,JOINT,50,100,-44,32,-59,-141,27,-94,766,,,,,,,3,2
6,FORWARD,RIGHT,AV_D,1,approach,rail,E53233043200,6,14,4,16,JOINT,JOINT,50,25,-71,63,-64,-85,-47,-169,766,,,,,,,3,2
6,FORWARD,RIGHT,AV_D,1,approach,rail,E53233043200,6,14,4,7,LINEAR,JOINT,100,5,-73,71,-53,-74,-50,-182,766,,,,,,,3,2
6,FORWARD,RIGHT,AV_D,1,work,fastener,ASNA2392-3-04,741,1,1,8,LINEAR,CRT,100,0,-120,27,4,180,0,90,766,N,U,T,0,0,0,3,2
6,FORWARD,RIGHT,AV_D,1,work,fastener,ASNA2392-3-04,740,2,2,9,LINEAR,CRT,100,0,-96,28,4,-180,0,90,766,N,U,T,0,0,0,3,2
6,FORWARD,RIGHT,AV_D,1,work,fastener,ASNA2392-3-04,739,3,3,10,LINEAR,CRT,100,0,-72,28,4,-180,0,90,766,N,U,T,0,0,0,3,2
6,FORWARD,RIGHT,AV_D,1,work,fastener,ASNA2392-3-04,738,4,4,11,LINEAR,CRT,100,0,-48,28,4,-180,0,90,766,N,U,T,0,0,0,3,2
6,FORWARD,RIGHT,AV_D,1,work,fastener,ASNA2392-3-05,731,5,5,12,LINEAR,CRT,100,0,-25,27,5,-180,0,90,766,N,U,T,0,0,0,3,2
6,FORWARD,RIGHT,AV_D,1,work,fastener,ASNA2392-3-05,730,6,6,13,LINEAR,CRT,100,0,0,27,5,-180,0,90,766,N,U,T,0,0,0,3,2
6,FORWARD,RIGHT,AV_D,1,work,fastener,ASNA2392-3-07,728,7,7,14,LINEAR,CRT,100,0,36,27,5,-180,0,110,766,N,U,T,0,0,0,3,2
6,FORWARD,RIGHT,AV_D,1,work,fastener,ASNA2392-3-07,729,8,8,15,LINEAR,CRT,100,0,58,27,5,-180,0,130,766,N,U,T,0,0,0,3,2
6,FORWARD,RIGHT,AV_D,1,clearance,rail,E53233043200,6,14,4,7,LINEAR,JOINT,100,5,-73,71,-53,-74,-50,-182,766,,,,,,,3,2
6,FORWARD,RIGHT,AV_D,1,clearance,rail,E53233043200,6,14,4,16,LINEAR,JOINT,2000,25,-71,63,-64,-85,-47,-169,766,,,,,,,3,2
6,FORWARD,RIGHT,AV_D,1,clearance,rail,E53233043200,6,14,4,6,JOINT,JOINT,50,25,-44,32,-59,-141,27,-94,766,,,,,,,3,2
6,FORWARD,RIGHT,AV_D,1,clearance,rail,E53233043200,6,14,4,5,JOINT,JOINT,50,50,-45,46,-79,-54,77,-175,766,,,,,,,3,2
6,FORWARD,RIGHT,AV_D,1,clearance,rail,E53233043200,6,14,4,4,LINEAR,JOINT,2000,50,-36,31,-45,-73,66,-141,766,,,,,,,3,2
6,FORWARD,RIGHT,AV_D,1,clearance,rail,E53233043200,6,14,4,3,JOINT,JOINT,50,50,-45,46,-23,25,84,45,766,,,,,,,3,2
6,FORWARD,RIGHT,AV_D,1,clearance,rail,E53233043200,6,14,4,2,JOINT,JOINT,50,25,-34,31,-27,3,112,45,766,,,,,,,3,2
6,FORWARD,RIGHT,AV_D,1,clearance,rail,E53233043200,6,14,4,1,JOINT,JOINT,50,0,0,19,-39,0,106,45,766,,,,,,,3,2
6,BACKWARD,LEFT,AR_G,1,station,rail,E53233043200,6,12,2,1,JOINT,JOINT,50,0,0,19,-39,0,106,45,354,,,,,,,3,2
6,BACKWARD,LEFT,AR_G,1,approach,rail,E53233043200,6,12,2,2,JOINT,JOINT,50,25,-32,25,-44,20,98,24,354,,,,,,,3,2
6,BACKWARD,LEFT,AR_G,1,approach,rail,E53233043200,6,12,2,3,JOINT,JOINT,50,20,-37,37,-22,-69,53,-116,354,,,,,,,3,2
6,BACKWARD,LEFT,AR_G,1,approach,rail,E53233043200,6,12,2,4,JOINT,JOINT,50,50,-55,44,-18,-95,-48,-44,354,,,,,,,3,2
6,BACKWARD,LEFT,AR_G,1,approach,rail,E53233043200,6,12,2,5,JOINT,JOINT,50,50,-47,55,-6,-53,-58,-41,354,,,,,,,3,2
6,BACKWARD,LEFT,AR_G,1,approach,rail,E53233043200,6,12,2,6,JOINT,JOINT,50,25,-47,52,-11,-48,-49,-51,354,,,,,,,3,2
6,BACKWARD,LEFT,AR_G,1,approach,rail,E53233043200,6,12,2,7,LINEAR,JOINT,100,5,-43,46,-13,-46,-47,-59,354,,,,,,,3,2
6,BACKWARD,LEFT,AR_G,1,work,fastener,ASNA2392-3-04,682,1,1,8,LINEAR,CRT,80,0,231,0,4,-180,0,-90,354,N,U,T,0,0,0,3,2
6,BACKWARD,LEFT,AR_G,1,work,fastener,ASNA2392-3-04,683,2,2,9,LINEAR,CRT,100,0,205,0,4,180,0,-77,354,N,U,T,0,0,0,3,2
6,BACKWARD,LEFT,AR_G,1,work,fastener,ASNA2392-3-04,684,3,3,10,LINEAR,CRT,100,0,181,0,4,180,0,-77,354,N,U,T,0,0,0,3,2
6,BACKWARD,LEFT,AR_G,1,work,fastener,ASNA2392-3-04,685,4,4,11,LINEAR,CRT,100,0,158,0,4,180,0,-77,354,N,U,T,0,0,0,3,2
6,BACKWARD,LEFT,AR_G,1,work,fastener,ASNA2392-3-04,686,5,5,12,LINEAR,CRT,100,0,134,0,4,-180,-1,-56,354,N,U,T,0,0,0,3,2
6,BACKWARD,LEFT,AR_G,1,clearance,rail,E53233043200,6,12,2,7,LINEAR,JOINT,100,5,-43,46,-13,-46,-47,-59,354,,,,,,,3,2
6,BACKWARD,LEFT,AR_G,1,clearance,rail,E53233043200,6,12,2,6,LINEAR,JOINT,2000,25,-47,52,-11,-48,-49,-51,354,,,,,,,3,2
6,BACKWARD,LEFT,AR_G,1,clearance,rail,E53233043200,6,12,2,5,JOINT,JOINT,50,50,-47,55,-6,-53,-58,-41,354,,,,,,,3,2
6,BACKWARD,LEFT,AR_G,1,clearance,rail,E53233043200,6,12,2,4,JOINT,JOINT,50,50,-55,44,-18,-95,-48,-44,354,,,,,,,3,2
6,BACKWARD,LEFT,AR_G,1,clearance,rail,E53233043200,6,12,2,3,JOINT,JOINT,50,20,-37,37,-22,-69,53,-116,354,,,,,,,3,2
6,BACKWARD,LEFT,AR_G,1,clearance,rail,E53233043200,6,12,2,2,JOINT,JOINT,50,20,-32,25,-44,20,98,24,354,,,,,,,3,2
6,BACKWARD,LEFT,AR_G,1,clearance,rail,E53233043200,6,12,2,1,JOINT,JOINT,50,0,0,19,-39,0,106,45,354,,,,,,,3,2
6,BACKWARD,RIGHT,AR_D,1,station,rail,E53233043200,6,13,3,1,JOINT,JOINT,50,0,0,19,-39,0,106,45,629,,,,,,,3,2
6,BACKWARD,RIGHT,AR_D,1,approach,rail,E53233043200,6,13,3,13,JOINT,JOINT,50,50,-33,25,-32,21,87,17,629,,,,,,,3,2
6,BACKWARD,RIGHT,AR_D,1,approach,rail,E53233043200,6,13,3,3,JOINT,JOINT,50,100,-33,25,-32,21,26,135,629,,,,,,,3,2
6,BACKWARD,RIGHT,AR_D,1,approach,rail,E53233043200,6,13,3,4,JOINT,JOINT,50,100,-33,25,-32,-65,-27,135,629,,,,,,,3,2
6,BACKWARD,RIGHT,AR_D,1,approach,rail,E53233043200,6,13,3,5,JOINT,JOINT,50,100,-42,33,-27,-59,-36,138,629,,,,,,,3,2
6,BACKWARD,RIGHT,AR_D,1,approach,rail,E53233043200,6,13,3,6,JOINT,JOINT,50,25,-44,38,-24,-56,-39,140,629,,,,,,,3,2
6,BACKWARD,RIGHT,AR_D,1,approach,rail,E53233043200,6,13,3,7,LINEAR,JOINT,100,5,-46,43,-21,-54,-42,142,629,,,,,,,3,2
6,BACKWARD,RIGHT,AR_D,1,work,fastener,ASNA2392-3-04,691,1,1,8,LINEAR,CRT,100,0,230,27,4,180,0,90,629,N,U,T,0,0,0,3,2
6,BACKWARD,RIGHT,AR_D,1,work,fastener,ASNA2392-3-04,690,2,2,9,LINEAR,CRT,100,0,206,27,4,-180,0,90,629,N,U,T,0,0,0,3,2
6,BACKWARD,RIGHT,AR_D,1,work,fastener,ASNA2392-3-04,689,3,3,10,LINEAR,CRT,100,0,182,27,4,180,0,71,629,N,U,T,0,0,0,3,2
6,BACKWARD,RIGHT,AR_D,1,work,fastener,ASNA2392-3-04,688,4,4,11,LINEAR,CRT,100,0,158,27,4,-180,0,67,629,N,U,T,0,0,0,3,2
6,BACKWARD,RIGHT,AR_D,1,work,fastener,ASNA2392-3-04,687,5,5,12,LINEAR,CRT,100,0,134,27,4,-180,0,47,629,N,U,T,0,0,0,3,2
6,BACKWARD,RIGHT,AR_D,1,clearance,rail,E53233043200,6,13,3,7,LINEAR,JOINT,100,5,-46,43,-21,-54,-42,142,629,,,,,,,3,2
6,BACKWARD,RIGHT,AR_D,1,clearance,rail,E53233043200,6,13,3,6,JOINT,JOINT,20,25,-44,38,-24,-56,-39,140,629,,,,,,,3,2
6,BACKWARD,RIGHT,AR_D,1,clearance,rail,E53233043200,6,13,3,5,JOINT,JOINT,50,100,-42,33,-27,-59,-36,138,629,,,,,,,3,2
6,BACKWARD,RIGHT,AR_D,1,clearance,rail,E53233043200,6,13,3,4,JOINT,JOINT,50,100,-33,25,-32,-65,-27,135,629,,,,,,,3,2
6,BACKWARD,RIGHT,AR_D,1,clearance,rail,E53233043200,6,13,3,3,JOINT,JOINT,50,100,-33,25,-32,21,26,135,629,,,,,,,3,2
6,BACKWARD,RIGHT,AR_D,1,clearance,rail,E53233043200,6,13,3,13,JOINT,JOINT,50,50,-33,25,-32,21,87,17,629,,,,,,,3,2
6,BACKWARD,RIGHT,AR_D,1,clearance,rail,E53233043200,6,13,3,1,JOINT,JOINT,50,0,0,19,-39,0,106,45,629,,,,,,,3,2